ticker,company,industry,country,exchange,last_price,pe_ratio_5,pe_ratio_4,pe_ratio_3,pe_ratio_2,pe_ratio_1,roic_5,roic_4,roic_3,roic_2,roic_1,fcf_share_5,fcf_share_4,fcf_share_3,fcf_share_2,fcf_share_1,operating_margin_5,operating_margin_4,operating_margin_3,operating_margin_2,operating_margin_1,de_ratio_5,de_ratio_4,de_ratio_3,de_ratio_2,de_ratio_1,shares_outstanding_5,shares_outstanding_4,shares_outstanding_3,shares_outstanding_2,shares_outstanding_1,total_revenue_5,total_revenue_4,total_revenue_3,total_revenue_2,total_revenue_1,eps_5,eps_4,eps_3,eps_2,eps_1,pe_ratio_score,fcf_share_cagr,eps_cagr,fcf_share_rgw,fcf_share_trend,fcf_yield,fcf_share_score,total_revenue_cagr,total_revenue_trend,total_revenue_score,operating_margin_strength,operating_margin_trend,operating_margin_score,roic_strength,roic_trend,roic_score,de_ratio_score,buyback_yield,buyback_trend,buyback_score,ranking_score,has_complete_data
NVDA,NVIDIA Corp,Semiconductors,USA,NASDAQ,215.33,59.37,116.91,51.14,48.54,38.32,0.3156,0.12300000000000001,0.6981,1.0275,0.9357,0.32,0.15,1.08,2.45,3.41,0.37310000000000004,0.20679999999999998,0.5412,0.6242,0.6038,0.44,0.54,0.26,0.13,0.07,25.06,24.66,24.64,24.48,24.3,26.91,26.97,60.92,130.5,215.94,0.44,0.33,1.3,2.99,4.77,0.3903525518645793,0.8067626336351295,0.8145394958738881,0.9904524430329616,0.25,0.15836158454465238,0.039212404573705464,0.6830803507554357,0.25,0.25,1.0,0.25,0.25,1.0,0.25,0.25,0.9345794392523364,0.3676470588235288,0.25,0.0919117647058822,0.2850662362683356,False
MRK,Merck & Co Inc,Drug Manufacturers - General,USA,NYSE,122.41,14.91,19.43,760.78,14.77,14.46,0.2021,0.1991,0.0049,0.2225,0.2007,3.81,5.79,3.59,7.12,4.93,0.3194,0.3335,0.049800000000000004,0.32270000000000004,0.3617,0.91,0.7,0.97,0.83,0.96,2.53,2.54,2.53,2.53,2.47,48.91,58.47,59.87,63.97,64.93,6.02,7.48,1.51,7.65,8.98,0.9122945350882513,0.06654819707693505,0.10514677670766703,0.6329076283712891,0.25,0.40274487378482143,0.06372507572646137,0.07340085038183397,0.25,0.10909090909090909,1.0,0.25,0.25,0.8028,0.25,0.2007,0.5102040816326531,1.0,0.25,0.25,0.280847259394696,False
PLTR,Palantir Technologies Inc,Software - Infrastructure,USA,NASDAQ,136.88,,,188.06,401.01,280.58,0.23329999999999998,0.14150000000000001,0.0654,0.1045,0.2545,0.17,0.09,0.3,0.47,0.82,0.2666,0.08460000000000001,0.053899999999999997,0.10830000000000001,0.3159,0.11,0.1,0.07,0.05,0.03,2.03,2.0,2.1,2.24,2.29,1.54,1.91,2.23,2.87,4.48,0.13,0.06,0.25,0.41,0.75,0.03209337089633746,0.481976212502373,0.5498136362402761,0.8766174222200316,0.25,0.05990648743424897,0.013128767647217012,0.305988411451221,0.25,0.24545454545454545,1.0,0.25,0.25,1.0,0.25,0.25,0.970873786407767,0.0,0.25,0.0,0.2390842126956748,True
ASML,ASML Holding NV,Semiconductor Equipment & Materials,Netherlands,NASDAQ,1632.9,46.99,36.79,35.2,33.31,38.37,0.3554,0.3992,0.5061,0.37770000000000004,0.4371,28.64,19.03,9.02,25.01,32.17,0.35119999999999996,0.307,0.3281,0.31920000000000004,0.34600000000000003,0.47,0.51,0.36,0.27,0.24,402.6,394.59,393.42,393.28,385.42,22.0,22.25,29.79,30.57,36.87,16.29,15.42,21.7,20.06,29.54,-0.006241476974719218,0.029483787874533096,0.16043909494906194,0.18376934801267703,0.25,0.19701145201788228,0.009051166522089258,0.13779131450887605,0.25,0.16818181818181818,1.0,0.25,0.25,1.0,0.25,0.25,0.8064516129032259,0.9992880390561377,0.25,0.24982200976403443,0.23158816227484022,False
NFLX,Netflix Inc,Entertainment,USA,NASDAQ,88.6,53.62,29.62,40.47,44.94,37.09,0.16570000000000001,0.1278,0.1459,0.2254,0.2657,0.03,0.36,1.54,1.58,2.18,0.2086,0.1782,0.20620000000000002,0.2647,0.2964,1.14,0.81,0.82,0.73,0.64,4.44,4.45,4.33,4.28,4.22,29.7,31.62,33.72,38.88,45.27,1.12,0.99,1.2,1.98,2.53,0.09861961699232036,1.9196702841867177,0.22595809216712537,1.2,0.25,0.24604966139954854,0.07381489841986456,0.11112651483119151,0.25,0.14545454545454545,1.0,0.25,0.25,1.0,0.25,0.25,0.6097560975609756,0.7009345794392581,0.25,0.17523364485981452,0.22125135252247255,False
LRCX,Lam Research Corp,Semiconductor Equipment & Materials,USA,NASDAQ,305.35,23.44,13.75,18.33,36.72,23.4,0.365,0.408,0.36340000000000006,0.2875,0.39649999999999996,2.23,1.82,3.44,3.22,4.2,0.3059,0.3114,0.3036,0.2902,0.3201,0.86,0.83,0.64,0.62,0.48,1.43,1.37,1.33,1.3,1.27,14.63,17.18,17.43,14.91,18.44,2.73,3.31,3.41,3.03,4.14,-0.011760636457973206,0.1714833132595006,0.10970980550311626,1.2,0.25,0.1375470771246111,0.04126412313738333,0.05956876595123761,0.25,0.09090909090909091,1.0,0.25,0.25,1.0,0.25,0.25,0.6756756756756757,1.0,0.25,0.25,0.21121748602874138,False
ARM,Arm Holdings Plc ADR,Semiconductors,United Kingdom,NASDAQ,306.51,,,426.59,143.32,178.73,,0.1306,0.0629,0.1253,0.1142,0.41,0.66,0.96,0.17,0.92,0.2516,0.2531,0.030600000000000002,0.2064,0.18460000000000001,0.07,0.05,0.04,0.05,0.05,1.03,1.03,1.04,1.06,1.06,2.7,2.68,3.23,4.01,4.92,,,1.27,1.63,1.77,0.2837812566787774,0.22391425384273678,,1.2,0.25,0.03001533392058987,0.00900460017617696,0.1618507285452404,0.25,0.19545454545454546,0.7384000000000001,0.25,0.18460000000000001,0.4568,0.25,0.1142,0.9523809523809523,0.0,0.0,0.0,0.21052509275058134,True
V,Visa Inc,Credit Services,USA,NYSE,328.88,40.59,25.94,28.23,28.67,33.81,0.20739999999999997,0.2561,0.2934,0.3236,0.33390000000000003,6.64,8.37,9.45,9.21,10.98,0.6566,0.6738,0.6743000000000001,0.6725,0.6717,0.57,0.65,0.54,0.55,0.69,1.68,1.64,1.59,1.73,1.69,24.11,29.31,32.65,35.93,40.0,5.91,7.5,8.77,10.05,11.47,-0.07510811498346492,0.13398827772420963,0.18030428624118566,0.7431230866302257,0.25,0.333860374604719,0.06202483801994556,0.13492116512365748,0.25,0.16363636363636364,1.0,0.25,0.25,1.0,0.25,0.25,0.591715976331361,1.0,0.25,0.25,0.21050996638323596,False
LLY,Lilly(Eli) & Co,Drug Manufacturers - General,USA,NYSE,1065.0,45.12,53.0,100.48,65.91,46.82,0.2398,0.25120000000000003,0.1924,0.2949,0.371,6.53,5.78,0.88,4.16,9.98,0.26649999999999996,0.2901,0.30260000000000004,0.37829999999999997,0.4556,1.88,1.52,2.34,2.37,1.65,953.65,950.18,949.38,947.54,944.8,28.32,28.54,34.12,45.04,65.18,8.16,7.94,6.32,12.99,24.21,0.2480647544406257,0.11187083861634717,0.3124300259407726,0.35806686082583666,0.25,0.09370892018779342,0.008388514720755516,0.23170095109530164,0.25,0.23636363636363636,1.0,0.25,0.25,1.0,0.25,0.25,0.37735849056603776,0.1445849251746633,0.25,0.03614623129366582,0.20286977029269174,False
MA,Mastercard Incorporated,Credit Services,USA,NYSE,498.54,41.03,34.0,36.04,37.92,34.55,0.4321,0.4758,0.5257999999999999,0.5538000000000001,0.5841,8.95,11.39,11.98,15.4,18.67,0.5394,0.5663,0.5784,0.5698,0.6007,2.01,2.35,2.37,2.93,2.54,972.0,948.0,927.0,907.0,887.0,18.88,22.22,25.13,28.16,32.84,8.4,10.65,12.26,14.6,17.01,0.05878827503541462,0.20179480030219832,0.19290609315057594,1.0460778973149603,0.25,0.37449352108155815,0.09793734877276802,0.14841878993223245,0.25,0.18181818181818182,1.0,0.25,0.25,1.0,0.25,0.25,0.2824858757062147,1.0,0.25,0.25,0.20109074466280538,False
PANW,Palo Alto Networks Inc,Software - Infrastructure,USA,NASDAQ,260.58,,,194.58,44.6,108.6,0.1373,0.1653,0.34979999999999994,0.6803,0.1654,2.4,3.03,3.84,4.38,4.89,0.07150000000000001,0.034300000000000004,0.0562,0.1082,0.1243,5.89,19.12,1.33,0.27,0.05,583.8,597.6,616.6,650.2,667.9,4.26,5.5,6.89,8.03,9.22,1.02,1.26,2.22,2.83,3.34,0.06320087411582032,0.19474275154194576,0.34519911760172683,0.5641461452593574,0.25,0.18765830071379228,0.026466676743401807,0.21291489812898567,0.25,0.22727272727272727,0.4972,0.25,0.1243,0.6616,0.25,0.1654,0.9523809523809523,0.0,0.0,0.0,0.1996140932520966,True
AMD,Advanced Micro Devices Inc,Semiconductors,USA,NASDAQ,467.51,56.8,77.09,280.51,124.89,81.13,0.4449,0.0403,0.0148,0.0278,0.0679,2.62,1.98,0.69,1.47,4.12,0.2238,0.0684,0.0276,0.0863,0.1081,0.1,0.05,0.06,0.04,0.06,1.21,1.61,1.62,1.62,1.63,16.43,23.6,22.68,25.79,34.64,2.79,3.5,2.65,3.31,4.17,0.3461687244124947,0.11982196337288098,0.105688933577474,1.1337228914799007,0.25,0.08812645718808154,0.02497774546478787,0.20499454252957716,0.25,0.21818181818181817,0.4324,0.25,0.1081,0.2716,0.25,0.0679,0.9433962264150942,0.0,0.0,0.0,0.1986204296297498,False
MSFT,Microsoft Corp,Software - Infrastructure,USA,NASDAQ,418.57,33.64,26.62,35.16,37.88,36.46,0.3004,0.32159999999999994,0.28059999999999996,0.28059999999999996,0.256,7.38,8.64,7.96,9.92,9.59,0.41590000000000005,0.42060000000000003,0.42340000000000005,0.4464,0.4562,0.58,0.47,0.39,0.36,0.33,7.52,7.46,7.43,7.43,7.43,168.09,198.27,211.91,245.12,281.72,7.97,9.21,9.81,11.8,13.64,-0.07386899151743642,0.06767865728389477,0.1437708190651883,0.47073987422446306,0.25,0.22911340994337864,0.026963204444970978,0.13780791521693558,0.25,0.17272727272727273,1.0,0.25,0.25,1.0,0.25,0.25,0.7518796992481203,0.0,0.25,0.0,0.19775464234890494,False
GOOGL,Alphabet Inc,Internet Content & Information,USA,NASDAQ,382.97,25.82,19.36,24.08,23.53,28.96,0.2894,0.2137,0.2491,0.3042,0.3201,4.94,4.56,5.46,5.85,5.99,0.30510000000000004,0.2595,0.2805,0.3207,0.3292,0.11,0.12,0.11,0.09,0.16,6.01,5.96,5.9,5.83,5.82,257.49,280.88,307.16,349.81,402.96,5.61,4.56,5.8,8.04,10.81,-0.1893223819301848,0.049361118311028296,0.17819101970390183,0.2770123791482374,0.25,0.15640911820769252,0.0108318154887977,0.11847271151857264,0.25,0.1590909090909091,1.0,0.25,0.25,1.0,0.25,0.25,0.8620689655172414,0.08576329331046129,0.25,0.02144082332761532,0.1949071493784232,False
TMUS,T-Mobile US Inc,Telecom Services,USA,NASDAQ,191.47,48.12,67.86,23.14,22.84,20.89,0.0183,0.015300000000000001,0.048799999999999996,0.0674,0.0649,1.27,2.24,7.3,11.47,13.64,0.125,0.16699999999999998,0.1923,0.22089999999999999,0.21230000000000002,1.57,1.6,1.75,1.85,2.07,1.25,1.23,1.2,1.14,1.11,80.12,79.57,78.56,81.4,88.31,2.41,2.06,6.93,9.66,9.72,0.4287667487011212,0.810308799141022,0.4171385284879967,1.2,0.25,0.7123831409620307,0.2137149422886092,0.024630397922859704,0.25,0.031818181818181815,0.8492000000000001,0.25,0.21230000000000002,0.2596,0.25,0.0649,0.32573289902280134,1.0,0.25,0.25,0.1853499333884109,False
KLAC,KLA Corp,Semiconductor Equipment & Materials,USA,NASDAQ,1888.38,24.25,14.56,20.08,40.66,29.5,0.3179,0.4425,0.39640000000000003,0.301,0.40340000000000004,12.57,19.83,23.73,22.26,27.98,0.3613,0.39649999999999996,0.3835,0.39030000000000004,0.41240000000000004,1.05,4.83,2.08,2.02,1.3,152.78,141.8,136.75,134.43,132.02,6.92,9.2,10.46,9.79,12.15,14.55,21.15,25.37,23.74,33.28,-0.14296784192173573,0.22145679013232167,0.2297875188804983,0.9637459476094998,0.25,0.14816933032546414,0.03569939791529486,0.15111190600440305,0.25,0.18636363636363637,1.0,0.25,0.25,1.0,0.25,0.25,0.4347826086956522,0.8963772967343585,0.25,0.22409432418358963,0.1849003642375903,False
AMAT,Applied Materials Inc,Semiconductor Equipment & Materials,USA,NASDAQ,432.16,21.33,12.06,16.18,21.67,26.41,0.34490000000000004,0.3639,0.3428,0.3068,0.2692,5.19,5.26,8.99,8.98,7.05,0.3122,0.3003,0.2877,0.2895,0.2986,0.47,0.48,0.37,0.35,0.35,892.0,844.0,833.0,818.0,793.0,23.06,25.68,26.45,27.18,28.37,6.84,7.7,8.05,8.65,9.42,-0.3522785458269331,0.07958151497702604,0.08329989304478724,0.9553615505152933,0.25,0.16313402443539426,0.0389629936315995,0.05317370703743274,0.25,0.07727272727272727,1.0,0.25,0.25,1.0,0.25,0.25,0.7407407407407407,1.0,0.25,0.25,0.18128157762702976,False
AMZN,Amazon.com Inc,Internet Retail,USA,NASDAQ,266.32,,51.47,52.4,39.7,32.18,0.1543,0.0101,0.09759999999999999,0.15710000000000002,0.15839999999999999,1.43,1.66,3.07,3.07,0.71,0.053099999999999994,0.0263,0.0654,0.10869999999999999,0.11800000000000001,0.96,1.06,0.77,0.52,0.41,10.18,10.24,10.38,10.59,10.73,469.82,513.98,574.78,637.96,716.92,3.24,0.27,2.9,5.53,7.17,0.26759601706970126,-0.16057755433025322,0.219673355133154,0.0,0.25,0.026659657554821265,0.0,0.11143686805093456,0.25,0.15,0.47200000000000003,0.25,0.11800000000000001,0.6335999999999999,0.25,0.15839999999999999,0.7092198581560284,0.0,0.0,0.0,0.17748158752257298,True
META,Meta Platforms Inc,Internet Content & Information,USA,NASDAQ,610.26,24.43,14.02,23.8,24.54,28.1,0.2848,0.1602,0.22940000000000002,0.29710000000000003,0.2281,13.68,7.05,16.68,20.69,17.91,0.39649999999999996,0.2878,0.3721,0.4241,0.4144,0.12,0.22,0.25,0.27,0.39,2.33,2.25,2.21,2.19,2.19,117.93,116.61,134.9,164.5,200.97,13.77,8.59,14.87,23.86,23.49,-0.22290886935329457,0.06967629639481587,0.14284483304691475,0.487776105782783,0.25,0.29348146691574084,0.03578831176289469,0.14255399580920614,0.25,0.17727272727272728,1.0,0.25,0.25,0.9124,0.25,0.2281,0.7194244604316546,0.0,0.25,0.0,0.1761357149631793,False
LIN,Linde Plc,Specialty Chemicals,United Kingdom,NASDAQ,517.58,47.25,39.64,32.62,30.74,29.19,0.06570000000000001,0.0761,0.1162,0.1215,0.1211,12.72,11.29,11.21,10.22,10.78,0.1716,0.1936,0.24670000000000003,0.26039999999999996,0.2723,0.35,0.47,0.51,0.59,0.73,508.68,492.46,482.45,473.24,463.68,30.79,33.36,32.85,33.01,33.99,10.69,12.29,14.2,15.51,16.45,0.18663620151582694,-0.040526658927821035,0.11377393278524295,0.0,0.25,0.2082769813362185,0.0,0.025027150408422072,0.25,0.03636363636363636,1.0,0.25,0.25,0.4844,0.25,0.1211,0.5780346820809249,1.0,0.25,0.25,0.17469663381422063,False
PG,Procter & Gamble Co,Household & Personal Products,USA,NYSE,144.44,24.53,24.77,25.72,27.4,24.48,0.2032,0.2104,0.20670000000000002,0.2011,0.2075,5.99,5.34,5.55,6.68,5.72,0.2443,0.2234,0.2238,0.2403,0.2457,0.71,0.69,0.76,0.66,0.68,2.43,2.39,2.36,2.36,2.34,76.12,80.19,82.01,84.04,84.28,5.66,5.81,5.9,6.59,6.83,0.03546099290780136,-0.011464428496343437,0.04809601109401207,0.0,0.25,0.3960121849903074,0.0,0.02578521899934394,0.25,0.04090909090909091,0.9828,0.25,0.2457,0.83,0.25,0.2075,0.5952380952380952,0.42372881355932246,0.25,0.10593220338983061,0.16852949278993634,False
MS,Morgan Stanley,Capital Markets,USA,NYSE,201.03,12.22,13.82,17.99,15.82,17.39,0.046900000000000004,0.033,0.0268,0.0369,0.0414,12.86,10.73,2.05,12.24,24.82,0.3267,0.2618,0.21489999999999998,0.2813,0.30820000000000003,3.06,3.29,3.63,3.64,4.22,1.77,1.68,1.63,1.61,1.58,61.41,65.99,92.22,107.4,119.72,8.22,6.36,5.18,7.95,10.21,-0.1257120662868978,0.17866449690181363,0.05569504008349391,1.2,0.25,1.234641595781724,0.3703924787345172,0.18163107226522635,0.25,0.20454545454545456,1.0,0.25,0.25,0.1656,0.25,0.0414,0.19157088122605365,0.931677018633541,0.25,0.23291925465838526,0.16396849695174986,False
AAPL,Apple Inc,Consumer Electronics,USA,NASDAQ,308.82,26.17,24.61,27.91,37.44,34.22,0.5336,0.5821999999999999,0.5895,0.5819,0.7062999999999999,5.51,6.83,6.3,7.06,6.58,0.2978,0.3029,0.2982,0.3151,0.3197,2.16,2.61,1.99,2.09,1.52,16.43,15.94,15.55,15.12,14.77,365.82,394.33,383.29,391.04,416.16,5.61,6.11,6.13,6.75,7.46,-0.13801130695044894,0.045366488406942906,0.07385091507318342,0.6142982569950075,0.25,0.21306910174211513,0.03272199445491831,0.03275717850847348,0.25,0.05,1.0,0.25,0.25,1.0,0.25,0.25,0.3968253968253968,1.0,0.25,0.25,0.16328970815573252,False
ADI,Analog Devices Inc,Semiconductors,USA,NASDAQ,397.07,50.07,27.58,24.51,68.76,51.29,0.0449,0.0625,0.07780000000000001,0.039,0.0537,5.96,7.22,7.03,6.26,8.61,0.2616,0.2937,0.3236,0.2191,0.2727,0.19,0.19,0.21,0.23,0.26,525.33,509.3,496.26,496.3,489.65,7.32,12.01,12.31,9.43,11.02,6.46,9.57,10.09,6.38,7.79,-0.15408847486611776,0.09632476091920505,0.047915429417583866,1.2,0.25,0.21683834084670206,0.06505150225401062,0.10768845272759653,0.25,0.1409090909090909,1.0,0.25,0.25,0.2148,0.25,0.0537,0.7936507936507936,0.6699576868829371,0.25,0.16748942172073428,0.16252426302500625,False
BAC,Bank Of America Corp,Banks - Diversified,USA,NYSE,51.8,12.46,10.4,10.94,13.76,14.43,0.059699999999999996,0.0506,0.0475,0.04650000000000001,0.053200000000000004,1.85,9.08,1.13,3.97,4.41,0.3751,0.3527,0.2839,0.318,0.3292,1.88,1.86,2.15,2.27,2.37,8.08,8.0,7.9,7.61,7.21,95.76,117.85,175.0,195.87,194.26,3.57,3.19,3.08,3.21,3.81,-0.16389740280690424,0.24255812998708293,0.01639890825779533,1.2,0.25,0.8513513513513513,0.2554054054054054,0.19343786190212198,0.25,0.21363636363636362,1.0,0.25,0.25,0.21280000000000002,0.25,0.053200000000000004,0.29673590504451036,1.0,0.25,0.25,0.15944011558002597,False
JPM,JPMorgan Chase & Co,Banks - Diversified,USA,NYSE,306.38,10.31,11.1,10.48,12.14,16.1,0.08380000000000001,0.0643,0.0774,0.0808,0.0742,12.09,29.04,29.67,22.45,30.29,0.4979,0.3532,0.3992,0.4276,0.40270000000000006,1.93,1.93,2.09,2.28,2.7,2.94,2.93,2.88,2.8,2.7,126.05,157.54,239.25,278.68,279.07,15.36,12.09,16.23,18.22,20.02,-0.33876600698486636,0.2581089246510564,0.06848447028256865,1.2,0.25,0.9886415562373522,0.29659246687120566,0.21981108475560318,0.25,0.2318181818181818,1.0,0.25,0.25,0.2968,0.25,0.0742,0.27027027027027023,1.0,0.25,0.25,0.1534620236319485,False
KO,Coca-Cola Co,Beverages - Non-Alcoholic,USA,NYSE,81.48,26.3,29.0,23.87,25.3,23.0,0.1589,0.15410000000000001,0.1727,0.16269999999999998,0.1822,2.59,2.19,2.25,1.1,1.23,0.27899999999999997,0.27899999999999997,0.2878,0.2958,0.31379999999999997,1.92,1.68,1.67,1.84,1.47,4.33,4.33,4.31,4.3,4.3,38.73,42.84,45.83,46.77,48.39,2.32,2.48,2.69,2.88,3.0,0.09782693967207967,-0.16986000735927764,0.06637097924144353,0.0,0.25,0.15095729013254783,0.0,0.057248387112626586,0.25,0.08636363636363636,1.0,0.25,0.25,0.7288,0.25,0.1822,0.40485829959514175,0.0,0.25,0.0,0.1462730693812676,False
COST,Costco Wholesale Corp,Discount Stores,USA,NASDAQ,1028.24,39.97,40.47,38.44,53.87,51.81,0.17600000000000002,0.1985,0.1931,0.2189,0.2253,12.09,7.87,15.18,14.9,17.62,0.0373,0.034300000000000004,0.0335,0.0365,0.0377,0.65,0.53,0.42,0.42,0.34,441.82,442.66,442.79,443.13,443.24,195.93,226.95,242.29,254.45,275.24,11.08,13.14,14.16,16.56,18.21,-0.15358924118275752,0.09873991237100799,0.13225056572988247,0.7466124006810003,0.25,0.17136077180424802,0.03198501930482967,0.08868603645917039,0.25,0.12727272727272726,0.1508,0.25,0.0377,0.9012,0.25,0.2253,0.7462686567164178,0.0,0.0,0.0,0.14513660353999958,False
WFC,Wells Fargo & Co,Banks - Diversified,USA,NYSE,76.4,9.7,13.13,10.18,13.09,14.9,0.061,0.0391,0.0546,0.056299999999999996,0.0634,5.65,0.09,9.31,6.77,6.47,0.35600000000000004,0.2534,0.2748,0.2902,0.30469999999999997,1.06,1.28,1.62,1.6,2.37,3.89,3.83,3.6,3.29,3.09,85.42,77.83,116.22,126.28,124.23,,,,,,-0.2213114754098362,0.03446060971601095,,1.2,0.25,0.8468586387434553,0.2540575916230366,0.0981628038715936,0.25,0.13636363636363635,1.0,0.25,0.25,0.2536,0.25,0.0634,0.29673590504451036,1.0,0.25,0.25,0.14445562716146834,True
AVGO,Broadcom Inc,Semiconductors,USA,NASDAQ,414.14,35.43,17.82,25.42,136.91,77.57,0.10400000000000001,0.1809,0.22690000000000002,0.0626,0.1654,3.11,3.86,4.13,4.06,5.55,0.3164,0.4303,0.4594,0.2957,0.4093,1.61,1.76,1.65,1.02,0.82,4.13,4.18,4.14,4.69,4.74,27.45,33.2,35.82,51.57,63.89,2.8,3.76,4.22,4.87,6.82,-0.3230428108476888,0.1558012199362857,0.2492707907241536,0.6250279845611652,0.25,0.13401265272613125,0.020940414559777288,0.23515833910659611,0.25,0.2409090909090909,1.0,0.25,0.25,0.6616,0.25,0.1654,0.5494505494505495,0.0,0.25,0.0,0.1407681996806163,False
IBM,International Business Machines Corp,Information Technology Services,USA,NYSE,253.84,21.05,78.42,20.1,34.2,26.53,0.06509999999999999,0.026099999999999998,0.1033,0.0776,0.1245,11.87,9.96,13.76,13.23,12.76,0.1225,0.1283,0.1698,0.1704,0.2089,2.92,2.46,2.66,2.14,1.98,898.07,906.09,915.01,926.29,936.95,57.35,60.53,61.86,62.75,67.54,7.93,9.13,9.62,10.33,11.59,0.26428175263449805,0.018239613676290567,0.09951855357423489,0.18327852466912017,0.25,0.5026788528206744,0.02303255963183475,0.04173416710907518,0.25,0.06363636363636363,0.8356,0.25,0.2089,0.498,0.25,0.1245,0.33557046979865773,0.0,0.0,0.0,0.13544556073354533,False
CSCO,Cisco Systems Inc,Communication Equipment,USA,NASDAQ,120.41,22.15,16.1,16.95,18.85,26.98,0.2091,0.23620000000000002,0.2507,0.1754,0.14880000000000002,3.48,3.04,4.64,2.51,3.32,0.2732,0.2738,0.2725,0.2398,0.21989999999999998,0.31,0.27,0.21,0.71,0.63,4.22,4.11,4.07,4.01,3.96,49.82,51.56,57.0,53.8,56.65,3.22,3.36,3.89,3.73,3.81,-0.3352469563495992,-0.011697918751166547,0.04295909577825485,0.0,0.25,0.27572460759073164,0.0,0.032640247346776396,0.25,0.045454545454545456,0.8795999999999999,0.25,0.21989999999999998,0.5952000000000001,0.25,0.14880000000000002,0.6134969325153374,0.623441396508726,0.25,0.1558603491271815,0.12041421434747379,False
QCOM,Qualcomm Inc,Semiconductors,USA,NASDAQ,238.16,17.01,10.65,16.77,18.96,33.74,0.3943,0.4621,0.21350000000000002,0.263,0.1439,7.53,6.01,8.75,9.88,11.6,0.2916,0.33490000000000003,0.2415,0.2631,0.2799,1.64,0.9,0.74,0.59,0.74,1.13,1.12,1.11,1.11,1.07,33.57,44.2,35.82,38.96,44.28,8.54,12.53,8.43,10.22,12.03,-0.7368475239369916,0.11407839780151607,0.08943654407738522,1.2,0.25,0.48706751763520323,0.14612025529056097,0.07167738894961917,0.25,0.1,1.0,0.25,0.25,0.5756,0.25,0.1439,0.5747126436781609,1.0,0.25,0.25,0.11917955026770108,False
UNH,Unitedhealth Group Inc,Healthcare Plans,USA,NYSE,388.47,27.77,25.03,22.06,32.62,24.94,0.15289999999999998,0.1586,0.156,0.0901,0.0712,20.8,24.64,27.38,22.29,17.65,0.0833,0.0877,0.08710000000000001,0.08070000000000001,0.0424,0.7,0.8,0.76,0.88,0.88,941.0,934.0,924.0,915.0,906.0,287.6,324.16,371.62,400.28,447.57,19.02,22.19,25.12,27.66,16.35,0.05829935055127622,-0.04022298815748604,-0.037109701368523096,0.0,0.25,0.4543465389862794,0.0,0.11690959475876661,0.25,0.15454545454545454,0.1696,0.25,0.0424,0.2848,0.25,0.0712,0.5319148936170213,0.49180327868852464,0.25,0.12295081967213116,0.11865832456586105,False
RTX,RTX Corp,Aerospace & Defense,USA,NYSE,177.01,33.6,28.85,37.8,32.57,36.95,0.037000000000000005,0.049400000000000006,0.030699999999999998,0.046799999999999994,0.0668,3.27,3.28,3.81,3.37,5.85,0.0725,0.0803,0.0504,0.08259999999999999,0.1003,0.46,0.47,0.76,0.72,0.61,1.49,1.46,1.33,1.33,1.34,64.36,67.07,68.92,80.74,88.6,4.27,4.78,5.06,5.73,6.29,-0.08823702656535315,0.15651701963523457,0.10168057665385799,1.2,0.25,0.33048980283599794,0.09914694085079938,0.08318945043710624,0.25,0.12272727272727273,0.4012,0.25,0.1003,0.2672,0.25,0.0668,0.6211180124223603,0.0,0.25,0.0,0.11831423062241153,False
TXN,Texas Instruments Inc,Semiconductors,USA,NASDAQ,309.21,22.8,17.57,24.11,36.09,31.85,0.42229999999999995,0.3948,0.2532,0.1635,0.1635,6.72,6.4,1.47,1.63,2.85,0.4914,0.5191,0.41850000000000004,0.34149999999999997,0.3472,0.62,0.63,0.7,0.85,0.91,924.0,906.0,909.0,911.0,907.0,18.34,20.03,17.52,15.64,17.68,8.26,9.41,7.07,5.2,5.45,-0.20261289835372298,-0.19300861819059079,-0.0987316632796883,0.0,0.25,0.09217036965169303,0.0,-0.009120753675248117,0.25,0.013636363636363636,1.0,0.25,0.25,0.654,0.25,0.1635,0.5235602094240838,0.21953896816684962,0.25,0.054884742041712405,0.11800365985666186,False
GS,Goldman Sachs Group Inc,Capital Markets,USA,NYSE,996.73,6.44,11.42,16.87,14.12,17.13,0.065,0.0301,0.0246,0.0412,0.0431,45.38,131.7,413.77,199.8,56.28,0.47,0.3063,0.23329999999999998,0.3471,0.3715,4.86,3.97,5.51,5.52,5.31,333.57,334.92,323.38,310.65,296.48,64.32,67.26,108.69,126.83,126.21,59.45,30.06,22.87,40.54,51.32,-0.2981206426189753,0.05529140095328833,-0.0360961893633418,1.2,0.25,0.5646463937074233,0.16939391811222698,0.18355088020610055,0.25,0.20909090909090908,1.0,0.25,0.25,0.1724,0.25,0.0431,0.1584786053882726,1.0,0.25,0.25,0.11608352035740016,False
XOM,Exxon Mobil Corp,Oil & Gas Integrated,USA,NYSE,154.92,11.35,8.32,11.25,13.73,17.96,0.10859999999999999,0.2446,0.14800000000000002,0.122,0.0955,8.43,13.89,8.26,7.15,5.48,0.09910000000000001,0.1635,0.13,0.1186,0.1048,0.31,0.24,0.23,0.18,0.19,4.24,4.08,3.97,4.35,4.18,280.51,400.44,333.71,339.91,323.9,5.38,14.06,9.52,7.79,6.99,-0.4342756748123304,-0.10207875750715711,0.06763726733137232,0.0,0.25,0.35373095791376197,0.0,0.03661061072617544,0.25,0.05454545454545454,0.4192,0.25,0.1048,0.382,0.25,0.0955,0.8403361344537815,1.0,0.25,0.25,0.1133828641459633,False
PEP,PepsiCo Inc,Beverages - Non-Alcoholic,USA,NASDAQ,150.57,30.96,28.12,25.89,22.0,23.96,0.1401,0.16440000000000002,0.1603,0.1643,0.133,5.03,4.04,5.73,5.22,5.59,0.1442,0.1346,0.154,0.15560000000000002,0.1577,2.64,2.42,2.54,2.65,2.6,1.38,1.38,1.37,1.37,1.37,79.48,86.4,91.47,91.85,93.92,6.26,6.79,7.62,8.16,8.14,0.08500725578553425,0.02674112061127798,0.0678555715109701,0.39408879795456125,0.25,0.3712558942684466,0.03657694727644945,0.04261761096303873,0.25,0.07272727272727272,0.6308,0.25,0.1577,0.532,0.25,0.133,0.2777777777777778,0.0,0.25,0.0,0.10957913635688953,False
WMT,Walmart Inc,Discount Stores,USA,NASDAQ,120.27,28.68,33.68,28.79,40.81,43.66,0.09970000000000001,0.08839999999999999,0.1159,0.1379,0.14730000000000001,1.32,1.46,1.86,1.57,1.86,0.049699999999999994,0.0401,0.0417,0.0431,0.0418,0.69,0.77,0.73,0.66,0.67,8.28,8.08,8.05,8.02,7.97,572.75,611.29,648.13,680.99,713.16,2.15,2.1,2.22,2.51,2.64,-0.24302471244732926,0.0895188620003784,0.05266786838037962,1.2,0.25,0.1546520329259167,0.04639560987777501,0.056344242585088855,0.25,0.08181818181818182,0.1672,0.25,0.0418,0.5892000000000001,0.25,0.14730000000000001,0.5988023952095809,0.311720698254363,0.25,0.07793017456359075,0.10569785448697777,False
C,Citigroup Inc,Banks - Diversified,USA,NYSE,125.09,5.95,6.47,12.72,11.84,16.69,0.0509,0.0345,0.0206,0.027999999999999997,0.0301,6.19,6.25,4.76,0.3,9.03,0.3834,0.2545,0.17800000000000002,0.218,0.2343,2.36,2.61,2.89,2.85,3.39,1.98,1.94,1.9,1.88,1.75,80.17,101.59,157.1,170.98,169.16,10.14,7.0,4.04,5.94,6.99,-0.5548723681758898,0.0990040056003123,-0.08880819495895498,1.2,0.25,0.7218802462227195,0.21656407386681584,0.20523420389665525,0.25,0.22272727272727272,0.9372,0.25,0.2343,0.1204,0.25,0.0301,0.2277904328018223,1.0,0.25,0.25,0.10085550845170652,False
CAT,Caterpillar Inc,Farm & Heavy Construction Machinery,USA,NYSE,879.89,17.48,18.95,14.69,16.45,30.46,0.1531,0.1577,0.23920000000000002,0.2354,0.1779,8.62,9.74,19.07,18.02,15.78,0.1367,0.1535,0.20620000000000002,0.20879999999999999,0.1716,2.33,2.37,1.97,2.0,2.07,535.89,516.35,499.38,477.93,465.29,50.98,59.43,67.06,64.81,67.59,10.81,13.84,21.21,21.9,19.06,-0.5536060389676629,0.16318805386754698,0.15232318635975473,1.0713277326153863,0.25,0.17934059939310595,0.04803313942842513,0.0730517170484688,0.25,0.10454545454545454,0.6864,0.25,0.1716,0.7116,0.25,0.1779,0.32573289902280134,1.0,0.25,0.25,0.0953144751015958,False
BRK.B,Berkshire Hathaway Inc,Insurance - Diversified,USA,NYSE,486.38,,7.54,8.06,10.98,16.19,0.1531,0.0378,0.1521,0.1229,0.0833,11.54,9.93,13.71,5.39,11.61,0.1268,0.1377,0.132,0.16,0.1585,0.24,0.27,0.24,0.22,0.19,1.29,1.3,1.31,1.34,1.38,276.09,302.02,364.48,371.43,371.44,12.12,13.97,17.18,22.0,20.62,-0.5141454290390461,0.001513027129751654,0.14207995793405703,0.010649124280103523,0.25,0.238702249270118,0.0006354924796044343,0.07698461287515923,0.25,0.11363636363636363,0.634,0.25,0.1585,0.3332,0.25,0.0833,0.8403361344537815,0.0,0.0,0.0,0.09435984895886876,True
ORCL,Oracle Corp,Software - Infrastructure,USA,NYSE,192.08,17.31,29.83,34.46,31.61,38.13,0.1655,0.0883,0.1061,0.11449999999999999,0.11779999999999999,4.55,1.8,3.06,4.18,0.14,0.3899,0.3738,0.2758,0.3034,0.3145,,16.61,88.86,10.85,5.33,2.81,2.67,2.71,2.75,2.81,40.48,42.44,49.95,52.96,57.4,4.67,4.9,5.12,5.56,6.03,-0.2597462666842867,-0.5811783149580172,0.06598258065862495,0.0,0.25,0.007288629737609329,0.0,0.09123389481285793,0.25,0.1318181818181818,1.0,0.25,0.25,0.47119999999999995,0.25,0.11779999999999999,0.1579778830963665,0.0,0.25,0.0,0.07654588891393525,True
CVX,Chevron Corp,Oil & Gas Integrated,USA,NYSE,191.43,14.42,9.82,13.12,14.9,23.0,0.08929999999999999,0.1991,0.11599999999999999,0.09789999999999999,0.0605,11.24,20.07,10.9,8.59,9.06,0.1066,0.17550000000000002,0.14529999999999998,0.09949999999999999,0.08900000000000001,0.25,0.17,0.16,0.19,0.25,1.93,1.92,1.87,1.77,1.99,156.29,236.37,197.22,193.47,184.53,8.13,18.83,13.13,10.05,7.29,-0.5280361413765615,-0.05247544908249335,-0.026896027048981086,0.0,0.25,0.47328005014887947,0.0,0.042398907753080195,0.25,0.06818181818181818,0.35600000000000004,0.25,0.08900000000000001,0.242,0.25,0.0605,0.8,0.0,0.25,0.0,0.06589865858961658,False
TSLA,Tesla Inc,Auto Manufacturers,USA,NASDAQ,426.01,215.99,34.02,57.73,198.13,418.19,0.1573,0.29410000000000003,0.255,0.0935,0.042699999999999995,1.47,2.18,1.25,1.02,1.76,0.1207,0.1698,0.0919,0.0794,0.051100000000000007,0.29,0.13,0.15,0.19,0.18,3.1,3.16,3.19,3.22,3.75,53.82,81.46,96.77,97.69,94.83,2.26,4.07,3.12,2.42,1.66,-1.262785966279246,0.04604130361300096,-0.07423680198855875,1.2,0.25,0.041313584188164595,0.012394075256449378,0.15212742415135083,0.25,0.19090909090909092,0.20440000000000003,0.25,0.051100000000000007,0.17079999999999998,0.25,0.042699999999999995,0.8474576271186441,0.0,0.0,0.0,0.007302641008770885,False
ABBV,Abbvie Inc,Drug Manufacturers - General,USA,NYSE,215.7,20.98,24.39,57.0,74.34,96.78,0.1335,0.1497,0.06860000000000001,0.0664,0.0693,12.37,13.64,12.42,10.06,10.05,0.3514,0.3893,0.3329,0.29510000000000003,0.3419,,,5.03,3.72,5.8,1.77,1.77,1.77,1.77,1.77,56.2,58.05,54.32,56.33,61.16,12.7,13.77,11.11,10.12,10.0,-0.7693517130425245,-0.05060029916530007,-0.05800397590217299,0.0,0.25,0.46592489568845624,0.0,0.021369277576263057,0.25,0.022727272727272728,1.0,0.25,0.25,0.2772,0.25,0.0693,0.14705882352941177,0.0,0.0,0.0,-0.003995198042220373,True
GOOG,Alphabet Inc,Internet Content & Information,USA,NASDAQ,379.38,25.79,19.47,24.3,23.68,29.04,0.2894,0.2137,0.2491,0.3042,0.3201,4.94,4.56,5.46,5.85,5.99,0.30510000000000004,0.2595,0.2805,0.3207,0.3292,0.11,0.12,0.11,0.09,0.16,6.33,6.0,5.69,5.51,5.43,,,,,,5.61,4.56,5.8,8.04,10.81,-0.1874386653581943,0.049361118311028296,0.17819101970390183,0.2770123791482374,0.25,0.15788918762190943,0.010934314876231891,,0.0,,1.0,0.25,0.25,1.0,0.25,0.25,0.8620689655172414,0.7259528130671513,0.25,0.18148820326678783,,True
INTC,Intel Corp,Semiconductors,USA,NASDAQ,,,,,,,,,,,,,,,,,,,,,,,,,,,,,,,,79.02,63.05,54.23,53.1,52.85,5.47,1.84,1.05,0.13,0.42,,,-0.47360047221407964,0.0,0.0,,,-0.09566988895924378,0.0,0.0,,0.0,,,0.0,,,,0.0,,,True
MU,Micron Technology Inc,Semiconductors,USA,NASDAQ,,,,,,,,,,,,,,,,,,,,,,,,,,,,,,,,27.7,30.76,15.54,25.11,37.38,6.06,8.35,4.45,1.3,8.29,,,0.08148494114258464,,0.0,,,0.07780422572933654,0.25,0.11818181818181818,,0.0,,,0.0,,,,0.0,,,True
AXP,American Express Co,Credit Services,USA,NYSE,311.78,16.32,15.01,16.71,21.17,24.06,0.1588,0.1414,0.13369999999999999,0.1512,0.1423,,,,,,0.2635,0.19699999999999998,0.1882,0.2028,0.2075,1.85,1.78,1.75,1.69,1.73,761.0,743.0,723.0,702.0,686.0,43.66,55.62,67.37,74.19,80.48,10.02,9.85,11.21,14.01,15.38,-0.2898037954326147,,0.11306916932475408,,0.0,,,0.1652015645200604,0.25,0.2,0.83,0.25,0.2075,0.5692,0.25,0.1423,0.3663003663003663,1.0,0.25,0.25,,True
GE,GE Aerospace,Aerospace & Defense,USA,NYSE,,,,,,,,,,,,,,,,,,,,,,,,,,,,,,,,74.17,58.12,35.35,38.7,45.85,1.06,2.09,2.24,4.6,6.37,,,0.5656994238689821,,0.0,,,-0.11329784235951634,0.25,0.004545454545454545,,0.0,,,0.0,,,,0.0,,,True
GEV,GE Vernova Inc,Specialty Industrial Machinery,USA,NYSE,1038.74,,,,58.47,36.93,,,,,0.4347,,,,6.16,13.44,,,,0.0225,0.0542,,,,0.11,0.11,,,,275.88,269.53,0.0,0.0,0.0,34.94,38.06,,,2.09,0.55,17.69,0.22578616352201264,,,0.0,0.25,0.12938752719641103,0.0,,0.25,,0.2168,0.25,0.0542,1.0,0.0,0.0,0.9009009009009008,1.0,0.25,0.25,,True
HD,Home Depot Inc,Home Improvement Retail,USA,NYSE,313.07,,,,,,,,,,,,,,,,,,,,,,,,,,,,,,,151.16,157.4,152.67,159.51,164.68,15.53,16.69,15.11,15.24,14.69,,,-0.013805479855954594,0.0,0.0,,,0.021647305127676653,0.25,0.02727272727272727,,0.0,,,0.0,,,,0.0,,,True
JNJ,Johnson & Johnson,Drug Manufacturers - General,USA,NYSE,234.34,,,,,,,,,,,,,,,,,,,,,,,,,,,,,,,93.76,80.06,85.15,88.82,94.18,9.8,10.15,9.92,9.98,10.79,,,0.02435110968439358,,0.0,,,0.0011180042480056773,0.25,0.01818181818181818,,0.0,,,0.0,,,,0.0,,,True
MCD,McDonald's Corp,Restaurants,USA,NYSE,,,,,,,,,,,,,,,,,,,,,,,,,,,,,,,,23.22,23.18,25.49,25.92,26.89,9.28,10.1,11.94,11.72,12.2,,,0.07078668850879777,,0.0,,,0.03736632713132626,0.25,0.05909090909090909,,0.0,,,0.0,,,,0.0,,,True
PM,Philip Morris International Inc,Tobacco,USA,NYSE,188.99,16.31,17.41,18.75,26.62,22.08,0.5834,0.4362,0.2742,0.22940000000000002,0.3403,7.2,6.27,5.08,6.92,6.84,0.4138,0.3917,0.40399999999999997,0.35109999999999997,0.4189,,,,,,1.55,1.55,1.55,1.55,1.56,31.35,31.53,35.06,37.69,40.54,6.08,5.98,6.01,6.57,7.54,-0.09123257882771552,-0.012741455098566168,0.055278139492262124,0.0,0.25,0.36192391131805907,0.0,0.06637891599159684,0.25,0.09545454545454546,1.0,0.25,0.25,1.0,0.25,0.25,,0.0,0.0,0.0,,True
